userId,movieId,score,rank
1,2196,0.153273746,1
1,1159,0.12071586,2
1,794,0.115784273,3
1,2079,0.114225333,4
1,903,0.10354039,5
2,8373,0.133193758,1
2,7215,0.132707518,2
2,4160,0.129786232,3
2,7396,0.124585219,4
2,5918,0.123647342,5
3,1988,0.056489423,1
3,2249,0.053285527,2
3,859,0.052627279,3
3,1906,0.051148939,4
3,1476,0.049834346,5
4,2196,0.091290364,1
4,829,0.075388867,2
4,2039,0.064842355,3
4,1268,0.064241873,4
4,1577,0.063228918,5
5,419,0.231704373,1
5,315,0.215367724,2
5,437,0.207604294,3
5,335,0.178686395,4
5,547,0.158655118,5
6,547,0.065560547,1
6,1,0.046541894,2
6,505,0.040612319,3
6,386,0.03648057,4
6,484,0.036073196,5
7,1159,0.132957396,1
7,4616,0.114374467,2
7,1577,0.113103988,3
7,1940,0.110827341,4
7,991,0.108747781,5
8,508,0.228069067,1
8,547,0.216863296,2
8,616,0.211664991,3
8,507,0.205971958,4
8,139,0.180624488,5
9,3820,0.108228843,1
9,3195,0.097032214,2
9,912,0.09138344,3
9,4428,0.09095872,4
9,5897,0.08832319,5
10,3615,0.085548637,1
10,4428,0.079003525,2
10,4160,0.07222596,3
10,4616,0.067917829,4
10,6744,0.065526802,5
11,794,0.154935719,1
11,258,0.148915253,2
11,225,0.14712705,3
11,1184,0.140100894,4
11,44,0.138616363,5
12,3288,0.085464105,1
12,4945,0.084736725,2
12,6353,0.083129417,3
12,3158,0.08181751,4
12,4162,0.081394181,5
13,3820,0.144289711,1
13,3195,0.139758358,2
13,899,0.133675619,3
13,4428,0.131682448,4
13,3615,0.126493919,5
14,399,0.202737663,1
14,437,0.175389598,2
14,506,0.148463637,3
14,508,0.142569378,4
14,338,0.142328682,5
15,1268,0.120955748,1
15,3820,0.117267095,2
15,4801,0.116549623,3
15,4428,0.115221513,4
15,5918,0.108273627,5
16,923,0.121727291,1
16,2260,0.1150497,2
16,908,0.113297538,3
16,1268,0.110440918,4
16,965,0.107788198,5
17,521,0.144741901,1
17,965,0.123615926,2
17,916,0.121323593,3
17,1268,0.121126821,4
17,1577,0.119525305,5
18,5897,0.06349484,1
18,965,0.061226758,2
18,2039,0.057055472,3
18,2146,0.056879873,4
18,5336,0.051976361,5
19,794,0.033637627,1
19,1268,0.028373645,2
19,1504,0.025567844,3
19,3820,0.025378038,4
19,702,0.024219932,5
20,1268,0.088518198,1
20,2609,0.081357764,2
20,4428,0.073180868,3
20,1629,0.07223893,4
20,3615,0.071571037,5
21,6222,0.058339006,1
21,1268,0.052786755,2
21,4609,0.046417612,3
21,7396,0.042535027,4
21,4361,0.041026435,5
22,4138,0.107879557,1
22,4160,0.102726283,2
22,5851,0.102510954,3
22,5336,0.098564957,4
22,3615,0.097729003,5
23,2146,0.073843736,1
23,2260,0.071421652,2
23,2227,0.070557298,3
23,899,0.07008367,4
23,1299,0.0677427,5
24,4428,0.137713922,1
24,2227,0.129949021,2
24,4936,0.129593443,3
24,225,0.127858982,4
24,4616,0.127168367,5
25,2227,0.272576903,1
25,4428,0.266581061,2
25,5918,0.262365346,3
25,3195,0.220635128,4
25,899,0.216232105,5
26,419,0.317567289,1
26,98,0.315260759,2
26,437,0.253783112,3
26,335,0.251104582,4
26,509,0.249509184,5
27,2039,0.101224585,1
27,2196,0.089904417,2
27,2251,0.088097,3
27,991,0.086879308,4
27,1159,0.08678416,5
28,3615,0.050062884,1
28,1577,0.049258137,2
28,2196,0.042839005,3
28,991,0.041501565,4
28,965,0.04105643,5
29,829,0.116799099,1
29,916,0.102525214,2
29,225,0.101500161,3
29,899,0.097881812,4
29,923,0.0930993,5
30,7694,0.238446914,1
30,4428,0.238017815,2
30,2227,0.237545403,3
30,2675,0.237125006,4
30,7213,0.218433824,5
31,225,0.199365263,1
31,419,0.195541393,2
31,1159,0.164717331,3
31,508,0.162393962,4
31,991,0.162102438,5
32,419,0.123514787,1
32,315,0.104277427,2
32,399,0.101109832,3
32,508,0.092442778,4
32,98,0.088858418,5
33,2196,0.093560999,1
33,225,0.088169334,2
33,829,0.086351078,3
33,965,0.078369869,4
33,44,0.076945108,5
34,3615,0.168107414,1
34,3874,0.153403151,2
34,4609,0.147763071,3
34,4352,0.145458542,4
34,5851,0.139002997,5
35,399,0.24220901,1
35,338,0.240715649,2
35,384,0.238240271,3
35,419,0.21296972,4
35,135,0.209458561,5
36,2196,0.083670445,1
36,829,0.073223931,2
36,707,0.072865736,3
36,660,0.06830789,4
36,910,0.067421198,5
37,419,0.326662129,1
37,98,0.302553801,2
37,44,0.291052191,3
37,437,0.274303544,4
37,616,0.272834911,5
38,506,0.152750403,1
38,508,0.142188934,2
38,44,0.12262911,3
38,308,0.118591676,4
38,616,0.116989432,5
39,2196,0.18697254,1
39,940,0.177384477,2
39,965,0.17224346,3
39,1577,0.170774183,4
39,2039,0.156004159,5
40,437,0.140168599,1
40,419,0.138849514,2
40,335,0.114450838,3
40,315,0.109194453,4
40,506,0.106914993,5
41,5851,0.094001385,1
41,5918,0.086230798,2
41,3874,0.082817413,3
41,3639,0.077882082,4
41,2079,0.07766964,5
42,1159,0.060250813,1
42,940,0.059696338,2
42,419,0.058462262,3
42,2079,0.056085828,4
42,2104,0.055168588,5
43,2,0.136266619,1
43,616,0.122692481,2
43,505,0.101130996,3
43,484,0.087953357,4
43,595,0.08305313,5
44,1184,0.094216011,1
44,419,0.088736102,2
44,1577,0.088647763,3
44,899,0.08524223,4
44,940,0.082497648,5
45,829,0.08030569,1
45,4616,0.068781853,2
45,4936,0.064852086,3
45,44,0.061313076,4
45,3142,0.060211968,5
46,419,0.241149078,1
46,315,0.223696196,2
46,124,0.207582997,3
46,335,0.201358216,4
46,258,0.201216752,5
47,1268,0.064259263,1
47,4616,0.051575772,2
47,4361,0.049179256,3
47,3615,0.048568334,4
47,4428,0.04653485,5
48,912,0.230782187,1
48,1268,0.213964809,2
48,1980,0.202610776,3
48,899,0.196759629,4
48,2039,0.190573943,5
49,2079,0.076054976,1
49,4801,0.071762993,2
49,225,0.066275052,3
49,1184,0.065106239,4
49,3639,0.063017842,5
50,829,0.065418828,1
50,899,0.052975173,2
50,965,0.051765959,3
50,3820,0.04903862,4
50,916,0.046489756,5
51,2196,0.064391728,1
51,1577,0.054090464,2
51,1268,0.050729587,3
51,829,0.049247402,4
51,2039,0.048866169,5
52,5918,0.137141576,1
52,6744,0.130211376,2
52,4428,0.130144075,3
52,5851,0.117662545,4
52,4138,0.114458407,5
53,90,0,1
53,63,0,2
53,47,0,3
53,44,0,4
53,6,0,5
54,338,0.182745558,1
54,616,0.180165641,2
54,326,0.173479174,3
54,323,0.165161855,4
54,547,0.151766914,5
55,5270,0.134265015,1
55,5851,0.132906632,2
55,3855,0.131946445,3
55,4936,0.128186324,4
55,5918,0.115409453,5
56,437,0.159978194,1
56,616,0.15656242,2
56,335,0.150551669,3
56,124,0.133613437,4
56,547,0.130710436,5
57,829,0.073375351,1
57,916,0.068144728,2
57,702,0.045942829,3
57,915,0.044522738,4
57,2837,0.042641669,5
58,2,0.116837366,1
58,511,0.112681042,2
58,33,0.108511128,3
58,10,0.105410982,4
58,276,0.105342287,5
59,829,0.135881803,1
59,916,0.125387816,2
59,706,0.116362239,3
59,940,0.115422075,4
59,915,0.106246027,5
60,3142,0.087544241,1
60,3639,0.08733291,2
60,315,0.085752994,3
60,521,0.082489333,4
60,225,0.079505254,5
61,2227,0.255236991,1
61,258,0.250064176,2
61,1940,0.223908978,3
61,1268,0.221477695,4
61,899,0.202679101,5
62,3855,0.078438102,1
62,3142,0.076910471,2
62,4361,0.065630121,3
62,1159,0.065314608,4
62,3569,0.064220804,5
63,2079,0.09826742,1
63,5375,0.09539815,2
63,6152,0.080622001,3
63,940,0.075683912,4
63,5897,0.072809538,5
64,3820,0.078196305,1
64,2039,0.072676246,2
64,3615,0.067693339,3
64,991,0.058291045,4
64,2249,0.055798048,5
65,4138,0.165127384,1
65,5918,0.156297182,2
65,4160,0.150729456,3
65,4616,0.150551973,4
65,6316,0.148048122,5
66,991,0.083676758,1
66,1184,0.082409718,2
66,2837,0.071795461,3
66,2260,0.070377428,4
66,2194,0.068703051,5
67,225,0.20515227,1
67,3874,0.202657726,2
67,1268,0.199203259,3
67,2675,0.194251979,4
67,899,0.192212055,5
68,6209,0.020051493,1
68,4119,0.017286921,2
68,4553,0.017211187,3
68,4142,0.016488669,4
68,5736,0.015910528,5
69,965,0.221025974,1
69,829,0.211196507,2
69,940,0.210372238,3
69,1577,0.198886209,4
69,2039,0.197730817,5
70,2079,0.134673459,1
70,2227,0.115520819,2
70,258,0.114119451,3
70,225,0.110226987,4
70,829,0.106761184,5
71,419,0.20114467,1
71,1577,0.157927343,2
71,1184,0.156783971,3
71,1159,0.15494943,4
71,991,0.150326269,5
72,419,0.22290833,1
72,829,0.2132313,2
72,2079,0.197739985,3
72,521,0.194935442,4
72,794,0.182260695,5
73,7396,0.101153906,1
73,5918,0.094335219,2
73,8682,0.086914478,3
73,7325,0.084256382,4
73,7307,0.083103169,5
74,829,0.079979862,1
74,2227,0.068648927,2
74,1299,0.064260794,3
74,4616,0.062968062,4
74,4936,0.060157737,5
75,912,0.137721912,1
75,3820,0.13484733,2
75,970,0.130487174,3
75,1159,0.129187837,4
75,2249,0.125469311,5
76,4936,0.119498425,1
76,965,0.114402464,2
76,901,0.104226674,3
76,912,0.103080449,4
76,5851,0.100989495,5
77,3874,0.365530341,1
77,3195,0.364746667,2
77,2837,0.340322924,3
77,2227,0.336706176,4
77,4352,0.324460687,5
78,1577,0.161601001,1
78,1159,0.157034741,2
78,912,0.155083878,3
78,899,0.147727469,4
78,1184,0.146677696,5
79,916,0.188481002,1
79,794,0.18574308,2
79,1577,0.184079973,3
79,901,0.179877562,4
79,970,0.172597216,5
80,5851,0.12158345,1
80,4801,0.089925278,2
80,5375,0.089642155,3
80,4138,0.089034745,4
80,5897,0.087907289,5
81,616,0.207533529,1
81,547,0.193869201,2
81,437,0.184890584,3
81,509,0.171678027,4
81,225,0.158375034,5
82,940,0.111381267,1
82,2039,0.103683445,2
82,2194,0.092927277,3
82,2079,0.090699649,4
82,965,0.090144492,5
83,2227,0.133142393,1
83,1940,0.131154068,2
83,4160,0.112339313,3
83,5918,0.111362585,4
83,5375,0.106727439,5
84,2196,0.06355722,1
84,829,0.057989767,2
84,508,0.05530097,3
84,2039,0.052104522,4
84,98,0.052063123,5
85,2196,0.051033667,1
85,2079,0.050213072,2
85,199,0.047635962,3
85,4342,0.046602568,4
85,1627,0.045423436,5
86,1268,0.197249558,1
86,3820,0.189150523,2
86,4616,0.170567839,3
86,1159,0.169976033,4
86,5375,0.165003374,5
87,908,0.091914679,1
87,5336,0.090616697,2
87,1940,0.080069817,3
87,1268,0.078870612,4
87,3820,0.077251298,5
88,2227,0.286455517,1
88,5918,0.254035362,2
88,5851,0.225877059,3
88,1268,0.216909547,4
88,4428,0.208230191,5
89,8422,0.017610063,1
89,3615,0.017093334,2
89,4428,0.016916686,3
89,5264,0.016712762,4
89,1159,0.016498724,5
90,258,0.051599463,1
90,547,0.048817321,2
90,2196,0.047423576,3
90,912,0.046101524,4
90,899,0.043213592,5
91,2146,0.05576496,1
91,1299,0.053201049,2
91,924,0.042452824,3
91,5851,0.039899332,4
91,2287,0.034633597,5
92,2609,0.105026128,1
92,2288,0.07266933,2
92,787,0.072450037,3
92,6482,0.063394604,4
92,1546,0.059508353,5
93,1577,0.155643651,1
93,1159,0.139018802,2
93,508,0.137926618,3
93,616,0.122288831,4
93,912,0.117228509,5
94,616,0.186088841,1
94,547,0.175647063,2
94,308,0.156241241,3
94,513,0.126945426,4
94,298,0.123729158,5
95,1268,0.113890479,1
95,965,0.103851824,2
95,2039,0.101525771,3
95,2079,0.100989611,4
95,2194,0.095292275,5
96,899,0.202353705,1
96,940,0.199291134,2
96,2079,0.193541246,3
96,965,0.180934483,4
96,970,0.165731065,5
97,3820,0.205135079,1
97,899,0.19980121,2
97,4801,0.197094156,3
97,4352,0.195637026,4
97,3874,0.190011544,5
98,1268,0.101133498,1
98,2079,0.09617178,2
98,4428,0.095561028,3
98,2227,0.093803331,4
98,1940,0.08899582,5
99,399,0.20664857,1
99,98,0.197495204,2
99,419,0.183386709,3
99,315,0.175143952,4
99,44,0.171141024,5
100,2196,0.115236178,1
100,1268,0.088328136,2
100,1577,0.087468998,3
100,2104,0.081279541,4
100,419,0.080652381,5
101,2196,0.13079153,1
101,965,0.124216264,2
101,899,0.113359332,3
101,864,0.10484064,4
101,1940,0.103248249,5
102,98,0.220322637,1
102,326,0.207545781,2
102,506,0.163908597,3
102,616,0.161611595,4
102,547,0.14982379,5
103,5851,0.073441994,1
103,1577,0.071670282,2
103,864,0.07108167,3
103,4160,0.069044083,4
103,2079,0.068783852,5
104,1268,0.074096794,1
104,1577,0.060172873,2
104,4609,0.059786318,3
104,3874,0.059426604,4
104,2196,0.057358064,5
105,1268,0.054778875,1
105,3916,0.03736431,2
105,6077,0.03515193,3
105,1299,0.03451083,4
105,899,0.034489176,5
106,5375,0.2697948,1
106,4077,0.257928126,2
106,5918,0.253222075,3
106,3615,0.229018376,4
106,3569,0.2254504,5
107,419,0.184621255,1
107,437,0.173513053,2
107,399,0.173268702,3
107,315,0.172106792,4
107,510,0.162720696,5
108,1268,0.111086372,1
108,3195,0.103621928,2
108,2079,0.095392812,3
108,4428,0.089278476,4
108,3615,0.08738063,5
109,547,0.070850626,1
109,225,0.055214776,2
109,1,0.052478011,3
109,521,0.049371442,4
109,10,0.048701805,5
110,47,0.153223706,1
110,864,0.144270713,2
110,660,0.14125974,3
110,511,0.130817414,4
110,225,0.130487339,5
111,5851,0.040386947,1
111,3820,0.032224422,2
111,5336,0.028517311,3
111,4801,0.028453388,4
111,6152,0.0283788,5
112,258,0.236845349,1
112,508,0.169457368,2
112,547,0.156206189,3
112,2079,0.155470133,4
112,278,0.148217123,5
113,521,0.054889735,1
113,910,0.049272963,2
113,952,0.048069029,3
113,829,0.047431204,4
113,923,0.045184804,5
114,4428,0.207309246,1
114,4801,0.199773575,2
114,7213,0.19158695,3
114,4138,0.185233014,4
114,3639,0.182395087,5
115,1577,0.153965772,1
115,965,0.132691263,2
115,2039,0.131260721,3
115,1159,0.128381707,4
115,912,0.127712501,5
116,1159,0.148071945,1
116,225,0.144721509,2
116,1184,0.142199226,3
116,2196,0.126008288,4
116,912,0.121741055,5
117,1,0.066491014,1
117,177,0.062232917,2
117,225,0.052754128,3
117,816,0.041073006,4
117,1159,0.034963392,5
118,829,0.236238385,1
118,47,0.211488621,2
118,44,0.202470403,3
118,225,0.190523779,4
118,794,0.187633252,5
119,4616,0.114060059,1
119,6744,0.101513829,2
119,4936,0.094984643,3
119,5897,0.088887367,4
119,3820,0.088084647,5
120,1,0.142813203,1
120,899,0.139391065,2
120,794,0.136712012,3
120,315,0.129881815,4
120,991,0.126682333,5
121,419,0.203856342,1
121,437,0.174184989,2
121,547,0.153955362,3
121,506,0.146894024,4
121,323,0.14566778,5
122,4616,0.103859319,1
122,1577,0.08900821,2
122,5851,0.086824359,3
122,1159,0.082943165,4
122,3142,0.082085766,5
123,6711,0.237238031,1
123,7215,0.205793372,2
123,7396,0.20306289,3
123,7769,0.187020808,4
123,8682,0.183864451,5
124,2079,0.201594983,1
124,829,0.200338163,2
124,1940,0.191022009,3
124,1268,0.184296663,4
124,44,0.176182417,5
125,1268,0.05438406,1
125,3615,0.047521514,2
125,4160,0.046151739,3
125,4801,0.045497244,4
125,3639,0.045086439,5
126,616,0.237520677,1
126,547,0.224834157,2
126,506,0.223822976,3
126,10,0.203545026,4
126,515,0.202319685,5
127,702,0.115668142,1
127,820,0.112259821,2
127,978,0.108846131,3
127,2196,0.103649142,4
127,2260,0.101649704,5
128,916,0.152857215,1
128,475,0.152839233,2
128,660,0.150350815,3
128,829,0.149827739,4
128,707,0.147888167,5
129,3820,0.218811568,1
129,1268,0.170179123,2
129,1577,0.143686069,3
129,5375,0.140488424,4
129,5261,0.128971254,5
130,399,0.251535064,1
130,419,0.248032657,2
130,315,0.236518704,3
130,437,0.204643256,4
130,335,0.198385177,5
131,2227,0.235083103,1
131,2079,0.182948055,2
131,4616,0.159320759,3
131,910,0.157313103,4
131,901,0.154579115,5
132,3874,0.097461436,1
132,4160,0.088225987,2
132,2196,0.079624703,3
132,2079,0.078835642,4
132,1577,0.075948302,5
133,547,0.227271318,1
133,437,0.225491367,2
133,225,0.219702217,3
133,323,0.196160563,4
133,139,0.179476896,5
134,399,0.225549538,1
134,419,0.222965338,2
134,315,0.209265792,3
134,437,0.195680044,4
134,335,0.18327117,5
135,2039,0.11265334,1
135,1159,0.111737843,2
135,2196,0.111478181,3
135,829,0.10097041,4
135,970,0.09466778,5
136,419,0.129749881,1
136,437,0.128368914,2
136,335,0.110581848,3
136,506,0.105015034,4
136,315,0.104310847,5
137,965,0.12004403,1
137,829,0.116426409,2
137,2146,0.111909867,3
137,915,0.110513928,4
137,991,0.090515945,5
138,4428,0.04435423,1
138,940,0.042951299,2
138,5375,0.04260375,3
138,3615,0.041415271,4
138,3569,0.040512388,5
139,5851,0.10786446,1
139,4352,0.102085929,2
139,6434,0.096274468,3
139,3615,0.093715683,4
139,7215,0.079924279,5
140,1577,0.051906983,1
140,1159,0.048663956,2
140,2196,0.044403183,3
140,2079,0.043970021,4
140,2837,0.043833255,5
141,3820,0.121880096,1
141,2837,0.100083524,2
141,6222,0.086123904,3
141,2079,0.085171844,4
141,1577,0.081105669,5
142,98,0.275824779,1
142,437,0.232965734,2
142,616,0.207309884,3
142,547,0.203812022,4
142,506,0.185423039,5
143,3615,0.074959637,1
143,5375,0.063804558,2
143,6353,0.061617338,3
143,1268,0.055926509,4
143,4801,0.055799619,5
144,225,0.150136953,1
144,3820,0.128314461,2
144,3874,0.115239648,3
144,2837,0.111074818,4
144,912,0.110591778,5
145,399,0.21579079,1
145,419,0.21368163,2
145,315,0.21203146,3
145,98,0.207550114,4
145,326,0.183368535,5
146,2609,0.069191482,1
146,4936,0.065682277,2
146,5264,0.052748125,3
146,484,0.048439892,4
146,4642,0.047674583,5
147,2196,0.107002795,1
147,2194,0.103566867,2
147,2249,0.100207415,3
147,1577,0.096043837,4
147,2015,0.095709431,5
148,6744,0.1789834,1
148,8692,0.15763853,2
148,4428,0.153845197,3
148,7215,0.152896641,4
148,5375,0.148311865,5
149,1577,0.142736206,1
149,991,0.134664689,2
149,2249,0.128077965,3
149,901,0.116496296,4
149,2194,0.115925473,5
150,225,0.104369313,1
150,419,0.08785085,2
150,595,0.08680646,3
150,258,0.084081487,4
150,399,0.078925183,5
151,225,0.068181997,1
151,419,0.064243595,2
151,593,0.060887434,3
151,912,0.060133093,4
151,673,0.059544832,5
152,829,0.171917915,1
152,3142,0.137104787,2
152,2079,0.134199423,3
152,315,0.112724281,4
152,899,0.109672259,5
153,4616,0.070280707,1
153,4936,0.064442117,2
153,4428,0.059414891,3
153,3615,0.058768893,4
153,5375,0.055330398,5
154,7647,0.291105851,1
154,8682,0.290482162,2
154,8684,0.25547742,3
154,7621,0.244954313,4
154,8439,0.233066236,5
155,899,0.137703217,1
155,1577,0.130958707,2
155,1159,0.124445357,3
155,965,0.122160805,4
155,912,0.120949202,5
156,2079,0.061312558,1
156,899,0.057112199,2
156,940,0.049274837,3
156,916,0.046948113,4
156,912,0.046860791,5
157,1268,0.146695463,1
157,2196,0.137960278,2
157,225,0.117594966,3
157,3195,0.106581211,4
157,2079,0.105378988,5
158,5896,0.049250876,1
158,6420,0.039533047,2
158,1236,0.035789341,3
158,2478,0.035563288,4
158,3003,0.034953734,5
159,5375,0.09935991,1
159,1268,0.098793839,2
159,4160,0.096550559,3
159,4428,0.095883409,4
159,3615,0.095327475,5
160,829,0.069716948,1
160,1268,0.061366068,2
160,864,0.04794824,3
160,1299,0.047531432,4
160,2104,0.038299336,5
161,864,0.08958786,1
161,2196,0.087973433,2
161,1546,0.08625298,3
161,2251,0.085505201,4
161,2609,0.079840214,5
162,98,0.133726065,1
162,384,0.13182506,2
162,399,0.131184925,3
162,44,0.120554557,4
162,437,0.119901124,5
163,1184,0.136262215,1
163,2196,0.124544501,2
163,2079,0.124492632,3
163,1577,0.122827577,4
163,1268,0.119569118,5
164,225,0.263572112,1
164,970,0.238177599,2
164,1504,0.232134327,3
164,916,0.231964729,4
164,2039,0.228933382,5
165,3820,0.112030457,1
165,1159,0.111352884,2
165,3195,0.106597128,3
165,1577,0.099962529,4
165,2079,0.097886395,5
166,4428,0.162707783,1
166,1159,0.130635758,2
166,4352,0.128439034,3
166,5336,0.113105872,4
166,864,0.095547559,5
167,1577,0.135105099,1
167,3874,0.121680349,2
167,2196,0.121535788,3
167,4616,0.117112304,4
167,1940,0.11256675,5
168,687,0.15399271,1
168,707,0.142806557,2
168,475,0.141609693,3
168,864,0.139931082,4
168,908,0.13539643,5
169,2196,0.086085788,1
169,1577,0.084430372,2
169,1159,0.083878672,3
169,2837,0.080943785,4
169,2039,0.075565429,5
170,326,0.208863025,1
170,338,0.207834165,2
170,139,0.179913459,3
170,508,0.179151458,4
170,616,0.167222735,5
171,2196,0.155172711,1
171,1577,0.144314485,2
171,2039,0.138198759,3
171,915,0.137335095,4
171,903,0.136832056,5
172,899,0.101220972,1
172,225,0.094828917,2
172,1940,0.092143224,3
172,315,0.09173733,4
172,3639,0.088487151,5
173,399,0.28031486,1
173,326,0.251941373,2
173,338,0.25181963,3
173,323,0.232055352,4
173,616,0.229460855,5
174,437,0.262211415,1
174,98,0.250112928,2
174,335,0.24610438,3
174,326,0.24355737,4
174,323,0.224538616,5
175,5782,0.054656483,1
175,3679,0.053519035,2
175,8241,0.047931492,3
175,7961,0.047931492,4
175,5145,0.047931492,5
176,419,0.323420511,1
176,315,0.285038693,2
176,326,0.262337249,3
176,437,0.257247794,4
176,547,0.237122888,5
177,5851,0.03845749,1
177,2079,0.035299103,2
177,3142,0.032291973,3
177,5336,0.029668808,4
177,940,0.027054909,5
178,225,0.192250667,1
178,2079,0.169492791,2
178,1268,0.1523923,3
178,829,0.150696196,4
178,899,0.142043248,5
179,507,0.104684133,1
179,225,0.104621096,2
179,506,0.104269627,3
179,10,0.0915294,4
179,462,0.082619345,5
180,991,0.25203635,1
180,965,0.246493824,2
180,912,0.246174105,3
180,2196,0.240315758,4
180,1577,0.236055243,5
181,323,0.099819249,1
181,124,0.094232545,2
181,547,0.085262395,3
181,508,0.084362303,4
181,127,0.078681942,5
182,2039,0.040684922,1
182,2251,0.03362357,2
182,4160,0.028405618,3
182,5336,0.028154699,4
182,2104,0.026896976,5
183,940,0.169873678,1
183,991,0.161918378,2
183,1577,0.159315482,3
183,2039,0.153655091,4
183,225,0.153157106,5
184,8682,0.097840568,1
184,8692,0.090361641,2
184,8439,0.07397608,3
184,9464,0.071235098,4
184,8684,0.0700695,5
185,1268,0.155173474,1
185,3195,0.128919757,2
185,2196,0.110566858,3
185,3575,0.105034478,4
185,2227,0.104604828,5
186,970,0.092663607,1
186,2837,0.082610253,2
186,2196,0.082219844,3
186,794,0.081724597,4
186,2079,0.077226458,5
187,1268,0.101355075,1
187,2079,0.078052896,2
187,2196,0.073366162,3
187,915,0.068140434,4
187,660,0.067611684,5
188,734,0.094047594,1
188,1546,0.085986948,2
188,1064,0.083673473,3
188,1551,0.076526882,4
188,1545,0.076433645,5
189,4428,0.23547546,1
189,3142,0.233844814,2
189,4160,0.2304212,3
189,5375,0.206239933,4
189,3615,0.206101999,5
190,1268,0.172242746,1
190,4801,0.172021673,2
190,3142,0.163401213,3
190,3639,0.15763813,4
190,3820,0.154379684,5
191,399,0.095030292,1
191,510,0.085724716,2
191,511,0.081389062,3
191,315,0.080130912,4
191,419,0.073129737,5
192,399,0.273963682,1
192,139,0.245650175,2
192,510,0.2436555,3
192,335,0.236070246,4
192,437,0.220543252,5
193,829,0.227018714,1
193,521,0.22619517,2
193,2079,0.21651746,3
193,1940,0.215777728,4
193,3142,0.20097302,5
194,2196,0.152399319,1
194,2104,0.146451938,2
194,2251,0.12680307,3
194,900,0.110649151,4
194,899,0.107461661,5
195,1577,0.093509693,1
195,1159,0.093243566,2
195,940,0.090737768,3
195,2260,0.090150119,4
195,965,0.08827424,5
196,315,0.161317866,1
196,225,0.157472933,2
196,2837,0.153366219,3
196,508,0.145067077,4
196,4428,0.144268006,5
197,225,0.192916482,1
197,829,0.189504302,2
197,899,0.171879239,3
197,1577,0.166445504,4
197,2079,0.164368187,5
198,2196,0.108380943,1
198,660,0.088934917,2
198,991,0.088580301,3
198,794,0.078652699,4
198,864,0.074482739,5
199,1577,0.059945099,1
199,2227,0.059732248,2
199,1268,0.059627799,3
199,2039,0.058413295,4
199,991,0.055575935,5
200,5897,0.087089683,1
200,965,0.081548279,2
200,2079,0.078488002,3
200,2039,0.076646262,4
200,6152,0.074170991,5
201,965,0.192280121,1
201,2251,0.169572994,2
201,794,0.167352447,3
201,1940,0.157942067,4
201,1268,0.149329465,5
202,820,0.056600707,1
202,2251,0.055497047,2
202,915,0.053114267,3
202,1629,0.044843892,4
202,924,0.044378382,5
203,5918,0.193971415,1
203,4160,0.173153611,2
203,5897,0.170868655,3
203,4428,0.170805539,4
203,4352,0.170431762,5
204,4936,0.167590472,1
204,4801,0.162771845,2
204,4138,0.155561253,3
204,1268,0.1539458,4
204,4428,0.147564556,5
205,6744,0.181584193,1
205,7040,0.173218356,2
205,7373,0.155353879,3
205,4428,0.152906804,4
205,7213,0.149571439,5
206,258,0.087578232,1
206,48,0.081835611,2
206,225,0.078349042,3
206,511,0.073934541,4
206,33,0.069938672,5
207,2249,0.105717632,1
207,1906,0.093098006,2
207,1803,0.086396089,3
207,2194,0.081945255,4
207,1191,0.080848989,5
208,225,0.165496842,1
208,899,0.164328433,2
208,940,0.162069263,3
208,1184,0.158026521,4
208,794,0.157347833,5
209,6711,0.258581221,1
209,5918,0.254601266,2
209,4616,0.251227156,3
209,4428,0.247037012,4
209,899,0.232361649,5
210,3874,0.107885669,1
210,2837,0.104182379,2
210,5375,0.099050905,3
210,5918,0.097355213,4
210,3615,0.087981189,5
211,4616,0.166056378,1
211,3639,0.153277807,2
211,4936,0.15279041,3
211,4428,0.147132129,4
211,4138,0.146892118,5
212,1268,0.069439662,1
212,4936,0.069055215,2
212,3615,0.066333896,3
212,3142,0.063640067,4
212,3820,0.06234144,5
213,3820,0.093726128,1
213,5918,0.092885885,2
213,1159,0.092021928,3
213,899,0.091170684,4
213,2837,0.089569531,5
214,419,0.076960669,1
214,912,0.074665311,2
214,225,0.073630135,3
214,1577,0.061611254,4
214,965,0.059959553,5
215,1940,0.155409491,1
215,965,0.154558109,2
215,1268,0.150764138,3
215,660,0.141449853,4
215,3195,0.122187395,5
216,702,0.071401798,1
216,2104,0.068601379,2
216,1577,0.061090422,3
216,829,0.057804934,4
216,899,0.0563345,5
217,2104,0.032389634,1
217,1155,0.025691256,2
217,2015,0.024720262,3
217,900,0.02432723,4
217,2837,0.02389884,5
218,2251,0.133031419,1
218,2039,0.133006628,2
218,899,0.130213928,3
218,2146,0.128407047,4
218,1577,0.126887798,5
219,315,0.055850737,1
219,3916,0.050591397,2
219,1299,0.04799325,3
219,2249,0.043839383,4
219,916,0.04186494,5
220,1268,0.180980123,1
220,3874,0.16234424,2
220,3639,0.141578231,3
220,3615,0.136933071,4
220,2675,0.129088113,5
221,899,0.076186106,1
221,707,0.072527541,2
221,923,0.070509357,3
221,940,0.067811182,4
221,2039,0.067092595,5
222,3874,0.062051025,1
222,899,0.059861641,2
222,3820,0.058819809,3
222,4801,0.057490562,4
222,225,0.057095701,5
223,4428,0.192567762,1
223,3639,0.19173609,2
223,1268,0.189090108,3
223,4138,0.187091245,4
223,2227,0.179414011,5
224,1577,0.163188276,1
224,702,0.151904041,2
224,2079,0.142178372,3
224,2251,0.139169758,4
224,1268,0.134074766,5
225,2196,0.18726456,1
225,1577,0.152887414,2
225,965,0.142633924,3
225,2251,0.139089276,4
225,2249,0.127809458,5
226,1268,0.100700577,1
226,4936,0.078118017,2
226,5851,0.069444229,3
226,2079,0.060204147,4
226,829,0.059271728,5
227,4936,0.110467566,1
227,3639,0.107328407,2
227,5918,0.107162474,3
227,4138,0.106508953,4
227,6152,0.104302075,5
228,829,0.199323552,1
228,903,0.197447152,2
228,901,0.196663394,3
228,912,0.194766505,4
228,508,0.194755499,5
229,44,0.118539546,1
229,616,0.112885197,2
229,507,0.101898437,3
229,225,0.095944668,4
229,135,0.08354579,5
230,3874,0.129385046,1
230,3615,0.123765139,2
230,5851,0.115686378,3
230,3195,0.111909005,4
230,5897,0.109463117,5
231,912,0.280020741,1
231,1504,0.254811746,2
231,829,0.249619655,3
231,2079,0.242887934,4
231,2675,0.240998089,5
232,1159,0.042626992,1
232,2609,0.024231225,2
232,1487,0.023855876,3
232,3563,0.023844717,4
232,2251,0.02317907,5
233,1268,0.132381821,1
233,3142,0.129204011,2
233,3615,0.115097092,3
233,3874,0.099453826,4
233,3820,0.097086108,5
234,1159,0.091649797,1
234,2039,0.085594989,2
234,965,0.078449164,3
234,2194,0.077812213,4
234,2196,0.076695184,5
235,326,0.21328084,1
235,506,0.201262203,2
235,44,0.188221609,3
235,139,0.170452907,4
235,1,0.154902928,5
236,2196,0.184856363,1
236,2039,0.146244184,2
236,864,0.140327317,3
236,829,0.139562035,4
236,965,0.13927774,5
237,4616,0.144130286,1
237,2227,0.136553807,2
237,4936,0.124704912,3
237,1268,0.121645169,4
237,4801,0.115620912,5
238,1219,0.066490173,1
238,829,0.064637458,2
238,916,0.059074437,3
238,707,0.057320352,4
238,475,0.051001592,5
239,2079,0.129680284,1
239,5897,0.119467653,2
239,3142,0.111743486,3
239,970,0.09917171,4
239,5336,0.096280713,5
240,547,0.135999541,1
240,506,0.119702125,2
240,515,0.103099809,3
240,44,0.103009219,4
240,505,0.099638578,5
241,3142,0.102211762,1
241,829,0.094881217,2
241,4616,0.088086289,3
241,521,0.080417442,4
241,1268,0.079637594,5
242,98,0.234207593,1
242,419,0.230774626,2
242,315,0.226791743,3
242,437,0.19081568,4
242,326,0.180164901,5
243,419,0.191579494,1
243,326,0.187963858,2
243,399,0.168291695,3
243,98,0.150306256,4
243,616,0.146373911,5
244,794,0.142751693,1
244,225,0.136725611,2
244,940,0.129075031,3
244,419,0.121776219,4
244,916,0.119107719,5
245,864,0.082863041,1
245,965,0.074843322,2
245,696,0.067353246,3
245,307,0.064751441,4
245,901,0.064569229,5
246,3820,0.119103128,1
246,5918,0.108296088,2
246,5375,0.096917403,3
246,3874,0.093151524,4
246,4160,0.092395482,5
247,3615,0.143377925,1
247,1159,0.097013268,2
247,1577,0.096514426,3
247,2837,0.09496423,4
247,5897,0.094136454,5
248,3820,0.128940387,1
248,3639,0.126128838,2
248,4801,0.12322954,3
248,4138,0.120352986,4
248,3874,0.105894971,5
249,864,0.027083014,1
249,2194,0.024978828,2
249,2249,0.023128881,3
249,3007,0.021642058,4
249,924,0.018384024,5
250,2104,0.12709573,1
250,1577,0.111242758,2
250,1629,0.102878849,3
250,2196,0.099576217,4
250,1446,0.097478226,5
251,225,0.363537387,1
251,47,0.352082504,2
251,660,0.338427914,3
251,2079,0.312191554,4
251,2146,0.309887072,5
252,8476,0.146262106,1
252,7040,0.140345525,2
252,7647,0.126849978,3
252,7372,0.116666107,4
252,8682,0.112776954,5
253,2260,0.070466404,1
253,2146,0.06305757,2
253,3985,0.060043513,3
253,908,0.059026149,4
253,2227,0.055434458,5
254,1268,0.173114131,1
254,3615,0.164959974,2
254,4160,0.151448059,3
254,3855,0.140478233,4
254,4352,0.127953879,5
255,2196,0.110372469,1
255,864,0.089293693,2
255,965,0.086684767,3
255,2015,0.080336871,4
255,2251,0.079445605,5
256,4428,0.103795306,1
256,3820,0.089134973,2
256,5918,0.088375316,3
256,6434,0.085072382,4
256,4352,0.080971564,5
257,899,0.155782044,1
257,1629,0.14395701,2
257,912,0.139938203,3
257,1268,0.125018147,4
257,2251,0.1223093,5
258,4801,0.30085016,1
258,4138,0.270806997,2
258,3639,0.254313064,3
258,6711,0.253627725,4
258,4361,0.245339866,5
259,1268,0.190871387,1
259,3820,0.163738191,2
259,1159,0.152046271,3
259,3874,0.151823475,4
259,4428,0.147518616,5
260,2146,0.090089417,1
260,864,0.089962986,2
260,2196,0.083092742,3
260,1268,0.082531218,4
260,1299,0.070309323,5
261,2227,0.206147631,1
261,3142,0.169956627,2
261,4936,0.169507378,3
261,3639,0.153886755,4
261,5918,0.153028948,5
262,315,0.074781933,1
262,419,0.073934443,2
262,98,0.069969774,3
262,510,0.064636795,4
262,124,0.062751695,5
263,1268,0.123633567,1
263,2079,0.094832192,2
263,1577,0.089445902,3
263,4616,0.087372543,4
263,1159,0.085691815,5
264,225,0.16002396,1
264,3195,0.156722932,2
264,1159,0.134330505,3
264,1577,0.131898824,4
264,2837,0.126918611,5
265,1577,0.108038912,1
265,912,0.096657659,2
265,2039,0.091863133,3
265,991,0.090997041,4
265,965,0.090091653,5
266,916,0.121727882,1
266,2079,0.119184328,2
266,2146,0.112088056,3
266,660,0.104835778,4
266,2260,0.103765949,5
267,965,0.223924418,1
267,1577,0.222280085,2
267,2039,0.221157672,3
267,991,0.213249005,4
267,1159,0.209491822,5
268,829,0.104233986,1
268,965,0.088212582,2
268,2260,0.085545736,3
268,940,0.083418072,4
268,521,0.080414497,5
269,225,0.110732987,1
269,595,0.109033056,2
269,623,0.096337528,3
269,419,0.091657597,4
269,399,0.087185471,5
270,225,0.112350883,1
270,419,0.099821804,2
270,399,0.099306445,3
270,631,0.088374041,4
270,912,0.078879911,5
271,475,0.120198423,1
271,2249,0.106881398,2
271,1906,0.104320371,3
271,899,0.101835966,4
271,940,0.099490841,5
272,3820,0.138118955,1
272,4428,0.131102648,2
272,3874,0.127266105,3
272,4936,0.125121818,4
272,4616,0.114764621,5
273,315,0.209740805,1
273,98,0.195587427,2
273,338,0.188862258,3
273,335,0.179176843,4
273,547,0.158778956,5
274,1212,0.012320218,1
274,5303,0.011480338,2
274,6017,0.011260172,3
274,1219,0.011193209,4
274,922,0.010673697,5
275,899,0.072725728,1
275,1268,0.070175612,2
275,2079,0.068810348,3
275,1577,0.063454783,4
275,991,0.056224072,5
276,508,0.192966051,1
276,437,0.161426676,2
276,507,0.15740806,3
276,1159,0.154495904,4
276,1184,0.152987077,5
277,547,0.132776277,1
277,912,0.115733973,2
277,593,0.106132207,3
277,419,0.105228656,4
277,1159,0.104012027,5
278,1573,0.107119116,1
278,1564,0.10132454,2
278,258,0.095562893,3
278,315,0.092412105,4
278,2193,0.090413603,5
279,829,0.102618225,1
279,2079,0.10072649,2
279,965,0.093441251,3
279,3820,0.092995076,4
279,1268,0.089820486,5
280,1268,0.08941675,1
280,4616,0.08614049,2
280,4936,0.076511962,3
280,5918,0.066976985,4
280,4357,0.066174681,5
281,4616,0.182820936,1
281,5851,0.180170826,2
281,1268,0.160170862,3
281,4609,0.156239302,4
281,5918,0.14101488,5
282,899,0.123241199,1
282,1159,0.112004531,2
282,912,0.103668169,3
282,5851,0.101025287,4
282,5918,0.100083743,5
283,225,0.170676785,1
283,419,0.166167399,2
283,2079,0.146678329,3
283,616,0.145347766,4
283,258,0.139303626,5
284,323,0.170368707,1
284,547,0.16421892,2
284,616,0.157753953,3
284,506,0.144194532,4
284,515,0.126226229,5
285,829,0.178218058,1
285,521,0.157296066,2
285,910,0.152067516,3
285,923,0.149527263,4
285,915,0.142717299,5
286,829,0.156295075,1
286,2837,0.137908856,2
286,225,0.131539463,3
286,899,0.129892832,4
286,5918,0.128508827,5
287,829,0.085426338,1
287,4936,0.07468116,2
287,965,0.073971155,3
287,4616,0.071394957,4
287,899,0.069318871,5
288,829,0.038166838,1
288,4609,0.027800527,2
288,2146,0.026180199,3
288,660,0.025664885,4
288,4352,0.025214276,5
289,2260,0.11520421,1
289,829,0.112927347,2
289,864,0.102867427,3
289,1299,0.10243459,4
289,1268,0.101175224,5
290,2196,0.078475602,1
290,965,0.073647815,2
290,2039,0.065386138,3
290,2260,0.065296041,4
290,912,0.055355542,5
291,7215,0.292950167,1
291,8476,0.289709418,2
291,4428,0.268357813,3
291,5375,0.250638185,4
291,6222,0.232694149,5
292,1159,0.075632906,1
292,1268,0.064385373,2
292,5918,0.056148696,3
292,965,0.053717015,4
292,4352,0.051318602,5
293,2146,0.102736442,1
293,2079,0.098187728,2
293,899,0.097406946,3
293,1504,0.096940358,4
293,1940,0.095531657,5
294,2039,0.044515322,1
294,940,0.042289314,2
294,965,0.039779331,3
294,1159,0.037457445,4
294,419,0.032594051,5
295,44,0.200113994,1
295,6316,0.18775211,2
295,1940,0.18751119,3
295,2146,0.182781329,4
295,1299,0.182594587,5
296,4801,0.229930867,1
296,3639,0.228229441,2
296,4138,0.22265253,3
296,225,0.201078901,4
296,3142,0.197341435,5
297,258,0.096735442,1
297,940,0.077416478,2
297,315,0.073912417,3
297,419,0.073081076,4
297,616,0.071241033,5
298,1268,0.040034849,1
298,5336,0.032501718,2
298,2079,0.029983446,3
298,2260,0.024908979,4
298,1504,0.024519827,5
299,1577,0.152968876,1
299,899,0.148798422,2
299,940,0.138063573,3
299,1184,0.137608549,4
299,225,0.131179488,5
300,3142,0.202493064,1
300,4616,0.186158869,2
300,4801,0.172083749,3
300,4138,0.169803033,4
300,3639,0.165479489,5
301,1268,0.170861966,1
301,4936,0.150836893,2
301,3820,0.147752118,3
301,3874,0.13690486,4
301,4801,0.133132915,5
302,47,0.211064827,1
302,315,0.196353938,2
302,511,0.178658079,3
302,794,0.163649525,4
302,1,0.153643096,5
303,1577,0.283484246,1
303,2039,0.245097265,2
303,2194,0.239660687,3
303,991,0.235493589,4
303,2249,0.22980313,5
304,1577,0.142080499,1
304,2196,0.1155455,2
304,2039,0.115347709,3
304,2194,0.087616623,4
304,2251,0.083902012,5
305,4428,0.059923868,1
305,3820,0.058656727,2
305,1159,0.054159893,3
305,965,0.052407235,4
305,991,0.047126609,5
306,7846,0.03716874,1
306,8358,0.036302921,2
306,7372,0.036239229,3
306,7694,0.035122711,4
306,4428,0.03502726,5
307,3615,0.037245248,1
307,1159,0.036924037,2
307,4352,0.029728589,3
307,1504,0.024505292,4
307,5897,0.024334246,5
308,3195,0.103691052,1
308,5918,0.100860721,2
308,3575,0.096155211,3
308,4160,0.094445341,4
308,4616,0.090357056,5
309,660,0.094188526,1
309,899,0.093411085,2
309,864,0.091679848,3
309,225,0.086250347,4
309,521,0.085939792,5
310,864,0.102003315,1
310,3820,0.100464694,2
310,3874,0.089296254,3
310,1159,0.082080342,4
310,1577,0.07895442,5
311,1268,0.123448583,1
311,912,0.121691121,2
311,899,0.119226898,3
311,2079,0.113108484,4
311,3820,0.112219446,5
312,1577,0.105836645,1
312,991,0.087187609,2
312,1159,0.086492011,3
312,2196,0.081596564,4
312,965,0.079985391,5
313,1159,0.079936079,1
313,2251,0.060869722,2
313,1268,0.060750271,3
313,315,0.047941821,4
313,908,0.044974665,5
314,794,0.064902946,1
314,2,0.064225226,2
314,298,0.059228049,3
314,1159,0.05846568,4
314,33,0.058155624,5
315,702,0.105426234,1
315,734,0.099012008,2
315,695,0.083297475,3
315,687,0.079424753,4
315,952,0.078120264,5
316,3820,0.129423179,1
316,1159,0.126890872,2
316,5336,0.126870878,3
316,1268,0.124646967,4
316,4428,0.12035334,5
317,1268,0.098597004,1
317,3142,0.0975383,2
317,923,0.079081288,3
317,4801,0.078383052,4
317,3639,0.075842432,5
318,4936,0.037130708,1
318,3820,0.031996486,2
318,2227,0.031369479,3
318,3615,0.029178152,4
318,3874,0.026117675,5
319,258,0.158354492,1
319,3142,0.153044065,2
319,225,0.148706276,3
319,3639,0.143601087,4
319,4428,0.142612195,5
320,6711,0.132893237,1
320,6761,0.121944472,2
320,6347,0.121725443,3
320,7091,0.117545497,4
320,7325,0.11737071,5
321,98,0.108020508,1
321,157,0.08934245,2
321,44,0.084024894,3
321,10,0.082281003,4
321,1,0.075059886,5
322,829,0.151388242,1
322,899,0.137277753,2
322,225,0.126330333,3
322,1159,0.124364204,4
322,1577,0.119919275,5
323,508,0.091735807,1
323,44,0.089912613,2
323,510,0.088529048,3
323,616,0.088070814,4
323,338,0.078855663,5
324,2146,0.086427828,1
324,2227,0.083919809,2
324,2196,0.083230947,3
324,829,0.072900168,4
324,899,0.070015484,5
325,829,0.070390479,1
325,1577,0.067340223,2
325,2196,0.061071889,3
325,940,0.059932918,4
325,1184,0.057408463,5
326,4160,0.106739132,1
326,4936,0.104081869,2
326,6711,0.102525212,3
326,6152,0.09648041,4
326,3615,0.090225404,5
327,2196,0.131071387,1
327,2227,0.128319968,2
327,1268,0.125784639,3
327,829,0.119439274,4
327,44,0.118601024,5
328,2039,0.107814904,1
328,4616,0.098490205,2
328,3639,0.090286737,3
328,940,0.087133006,4
328,3874,0.084203916,5
329,829,0.167885617,1
329,521,0.146491546,2
329,910,0.142691928,3
329,258,0.140513801,4
329,475,0.137875399,5
330,1577,0.157022495,1
330,4428,0.109714449,2
330,794,0.102952302,3
330,5851,0.074781394,4
330,1285,0.070845456,5
331,5851,0.162825975,1
331,6434,0.147211028,2
331,4160,0.131113047,3
331,5897,0.115264382,4
331,1268,0.114717174,5
332,3820,0.102579854,1
332,225,0.085790338,2
332,864,0.080463268,3
332,1577,0.079270511,4
332,4160,0.074982685,5
333,2837,0.062800281,1
333,3007,0.057449436,2
333,3010,0.052349732,3
333,660,0.050622804,4
333,4428,0.050236588,5
334,3820,0.185396661,1
334,4428,0.184704184,2
334,4616,0.165309385,3
334,4936,0.159405319,4
334,1268,0.159110756,5
335,225,0.24203247,1
335,44,0.231150008,2
335,419,0.224023129,3
335,399,0.192326829,4
335,794,0.17303873,5
336,1268,0.216750794,1
336,829,0.197856934,2
336,225,0.196771124,3
336,3142,0.185032604,4
336,3639,0.182913505,5
337,419,0.115515115,1
337,315,0.102946304,2
337,399,0.090929651,3
337,258,0.088569713,4
337,508,0.079692614,5
338,3142,0.133212441,1
338,3639,0.132382349,2
338,829,0.121775497,3
338,225,0.117310316,4
338,44,0.115522093,5
339,4616,0.090694969,1
339,4936,0.076856028,2
339,1940,0.075611098,3
339,829,0.073855493,4
339,5851,0.069102892,5
340,326,0.263536572,1
340,338,0.260860452,2
340,44,0.258658275,3
340,335,0.252929858,4
340,437,0.247973025,5
341,1159,0.069013205,1
341,2837,0.068536609,2
341,3195,0.068064487,3
341,1268,0.065889628,4
341,3615,0.064674612,5
342,2196,0.054240533,1
342,1577,0.052662387,2
342,2039,0.052390979,3
342,965,0.052084603,4
342,1159,0.050962298,5
343,4616,0.189706208,1
343,2079,0.177605726,2
343,4936,0.173977304,3
343,4910,0.158163642,4
343,5918,0.155864284,5
344,1159,0.194161434,1
344,3874,0.184399571,2
344,1268,0.182011253,3
344,3820,0.175602877,4
344,1184,0.166193552,5
345,475,0.055251898,1
345,910,0.049742386,2
345,899,0.045726177,3
345,1906,0.045154694,4
345,1577,0.044749698,5
346,829,0.10413798,1
346,2196,0.07009279,2
346,3142,0.068042687,3
346,1268,0.064003083,4
346,915,0.06207438,5
347,326,0.12683854,1
347,258,0.107519849,2
347,505,0.103481265,3
347,511,0.081552839,4
347,225,0.073171752,5
348,829,0.235208822,1
348,2079,0.206307046,2
348,1940,0.201614149,3
348,44,0.185921004,4
348,315,0.181764184,5
349,399,0.249921945,1
349,98,0.240850047,2
349,338,0.218968631,3
349,44,0.214002092,4
349,124,0.197346521,5
350,616,0.122025694,1
350,419,0.075380155,2
350,508,0.074481986,3
350,899,0.071219733,4
350,940,0.069964528,5
351,4936,0.102325997,1
351,5918,0.08891084,2
351,1268,0.083171668,3
351,5851,0.082154656,4
351,5375,0.079220155,5
352,4616,0.084821414,1
352,4936,0.07653359,2
352,5918,0.07121085,3
352,4160,0.068817732,4
352,3615,0.067823501,5
353,419,0.174101129,1
353,315,0.156003027,2
353,437,0.151993893,3
353,335,0.145673569,4
353,508,0.138745701,5
354,4428,0.147314803,1
354,2196,0.141986273,2
354,5851,0.140657597,3
354,991,0.129614731,4
354,3639,0.115087878,5
355,1577,0.115012705,1
355,2249,0.113557715,2
355,912,0.104148539,3
355,940,0.103971282,4
355,899,0.101456757,5
356,4616,0.111310865,1
356,899,0.092428989,2
356,3615,0.085911454,3
356,912,0.08064276,4
356,3195,0.077197555,5
357,4428,0.077083332,1
357,1940,0.075673472,2
357,3820,0.075000176,3
357,4616,0.071415819,4
357,4936,0.068940156,5
358,6353,0.070634666,1
358,6434,0.068024702,2
358,4428,0.066985754,3
358,3288,0.064208544,4
358,4616,0.061816325,5
359,315,0.149449604,1
359,1577,0.138633143,2
359,225,0.13552039,3
359,2079,0.133597731,4
359,2039,0.129550892,5
360,1184,0.091502719,1
360,2079,0.091203134,2
360,1504,0.09061763,3
360,1182,0.087494397,4
360,1588,0.086682601,5
361,3820,0.105563321,1
361,3874,0.099308635,2
361,1159,0.093036467,3
361,4616,0.092759709,4
361,2837,0.092710363,5
362,3142,0.169393891,1
362,2079,0.152882791,2
362,3874,0.137985115,3
362,5851,0.13436869,4
362,912,0.134096216,5
363,2079,0.157974301,1
363,315,0.149374922,2
363,1268,0.136129981,3
363,1184,0.134386557,4
363,2196,0.129385191,5
364,419,0.158600662,1
364,623,0.154096427,2
364,6,0.148201747,3
364,899,0.140861037,4
364,965,0.132400916,5
365,1268,0.060059931,1
365,4352,0.052403882,2
365,5851,0.051713569,3
365,4609,0.049539432,4
365,2227,0.047896533,5
366,1940,0.271374933,1
366,4138,0.259987898,2
366,3142,0.227611994,3
366,3615,0.204875698,4
366,1268,0.203595458,5
367,1577,0.098908649,1
367,1268,0.086114182,2
367,2251,0.080176062,3
367,912,0.077379207,4
367,991,0.07552526,5
368,2196,0.049455992,1
368,2039,0.046359398,2
368,965,0.044288838,3
368,475,0.042366948,4
368,970,0.039997714,5
369,4936,0.09143174,1
369,1577,0.088687175,2
369,2260,0.084988091,3
369,5336,0.078450074,4
369,965,0.077539363,5
370,1268,0.201038561,1
370,3820,0.181342749,2
370,1159,0.153323104,3
370,3874,0.149584677,4
370,315,0.133898191,5
371,4936,0.174789033,1
371,4616,0.148586342,2
371,1268,0.143522777,3
371,3820,0.137204823,4
371,829,0.130668498,5
372,419,0.097205133,1
372,2196,0.085486998,2
372,1577,0.078142093,3
372,2079,0.077357619,4
372,1504,0.075220488,5
373,338,0.12043252,1
373,616,0.113121909,2
373,507,0.104201869,3
373,513,0.089090304,4
373,515,0.088240055,5
374,326,0.22804419,1
374,44,0.227142173,2
374,437,0.221914402,3
374,335,0.220338867,4
374,547,0.217851469,5
375,1268,0.16813539,1
375,508,0.150596978,2
375,44,0.149159728,3
375,1940,0.141196769,4
375,258,0.139292619,5
376,3820,0.171001933,1
376,794,0.141327937,2
376,2837,0.140549692,3
376,2675,0.130427827,4
376,1504,0.12856136,5
377,899,0.053636762,1
377,940,0.04777119,2
377,2039,0.045785747,3
377,2249,0.043802188,4
377,475,0.043311186,5
378,4616,0.211265888,1
378,1940,0.20969873,2
378,4936,0.200130301,3
378,4160,0.189536942,4
378,3615,0.164901762,5
379,547,0.196475993,1
379,616,0.180773333,2
379,10,0.167269422,3
379,507,0.162313496,4
379,288,0.154405084,5
380,2146,0.023436163,1
380,1446,0.022902576,2
380,6316,0.018977844,3
380,1523,0.017981968,4
380,1705,0.017252558,5
381,4616,0.08703286,1
381,4936,0.083037785,2
381,5851,0.079621773,3
381,2675,0.050832574,4
381,829,0.041611997,5
382,4428,0.0718659,1
382,3195,0.060644428,2
382,3615,0.057673497,3
382,1268,0.056670551,4
382,5918,0.056042905,5
383,2196,0.085175553,1
383,970,0.076785626,2
383,2260,0.075585541,3
383,1006,0.074293722,4
383,2146,0.073432174,5
384,899,0.094178529,1
384,1268,0.09295744,2
384,2196,0.090758953,3
384,829,0.088264186,4
384,2079,0.087877449,5
385,916,0.091650543,1
385,2039,0.091260751,2
385,829,0.090314711,3
385,2196,0.08717195,4
385,1577,0.083543725,5
386,315,0.132182854,1
386,437,0.097795651,2
386,225,0.083600057,3
386,124,0.078646918,4
386,323,0.072439264,5
387,3820,0.031302825,1
387,1184,0.027324851,2
387,2837,0.025497346,3
387,1504,0.024678491,4
387,3195,0.023161542,5
388,3615,0.096352698,1
388,4428,0.094460861,2
388,5897,0.091714427,3
388,3569,0.090571658,4
388,6213,0.090288477,5
389,419,0.158903297,1
389,816,0.141353975,2
389,399,0.133694023,3
389,508,0.129173424,4
389,912,0.12887331,5
390,1268,0.121636961,1
390,4936,0.118413881,2
390,4616,0.116575414,3
390,5851,0.106987342,4
390,829,0.098085341,5
391,901,0.064870645,1
391,2249,0.058014215,2
391,1629,0.054889628,3
391,702,0.05113249,4
391,4936,0.048039239,5
392,899,0.177259829,1
392,2196,0.170085578,2
392,864,0.159450321,3
392,2039,0.154101322,4
392,970,0.152517447,5
393,5375,0.171957157,1
393,6434,0.150631008,2
393,4160,0.149229796,3
393,5897,0.146449419,4
393,4640,0.14432124,5
394,508,0.232247461,1
394,323,0.217773215,2
394,335,0.215312411,3
394,258,0.213809617,4
394,139,0.211338046,5
395,399,0.152379805,1
395,127,0.136510415,2
395,616,0.131300754,3
395,506,0.125458618,4
395,124,0.122802412,5
396,1268,0.154373654,1
396,3142,0.153765702,2
396,3195,0.150374519,3
396,4428,0.139785171,4
396,2079,0.133600952,5
397,2239,0.104839672,1
397,2090,0.085419222,2
397,1772,0.082958172,3
397,712,0.081764721,4
397,809,0.081219318,5
398,1940,0.110142048,1
398,2196,0.104751991,2
398,702,0.1021123,3
398,3639,0.100908334,4
398,1629,0.100885035,5
399,3820,0.303155091,1
399,2837,0.295659343,2
399,1268,0.276063194,3
399,1504,0.26730698,4
399,4428,0.266632342,5
400,829,0.322231323,1
400,3142,0.267716817,2
400,2079,0.266568479,3
400,1504,0.251646438,4
400,2146,0.244287069,5
401,3575,0.1337398,1
401,4077,0.114401052,2
401,5918,0.103968711,3
401,6063,0.103792417,4
401,3615,0.100207744,5
402,315,0.167840193,1
402,98,0.150710711,2
402,547,0.146732766,3
402,326,0.145852669,4
402,124,0.136848775,5
403,225,0.102593219,1
403,521,0.093238068,2
403,1940,0.089496588,3
403,47,0.089326324,4
403,2196,0.08817076,5
404,124,0.166507949,1
404,508,0.141228454,2
404,510,0.131830071,3
404,547,0.12900883,4
404,616,0.127102235,5
405,4936,0.08228637,1
405,4616,0.077735287,2
405,1268,0.066606352,3
405,614,0.064287947,4
405,44,0.063925285,5
406,2609,0.094221103,1
406,2900,0.077319857,2
406,3042,0.076482183,3
406,3530,0.071904135,4
406,7096,0.071310017,5
407,2675,0.300135445,1
407,3820,0.283005406,2
407,5918,0.277802532,3
407,3855,0.25988911,4
407,7373,0.253880785,5
408,4428,0.104310448,1
408,3820,0.094824535,2
408,6744,0.086752889,3
408,4616,0.086559682,4
408,2227,0.083925696,5
409,2196,0.122454282,1
409,829,0.103561988,2
409,910,0.10062784,3
409,820,0.099009369,4
409,899,0.091918096,5
410,2196,0.064100844,1
410,1075,0.059047242,2
410,864,0.058177334,3
410,521,0.055774939,4
410,829,0.053382744,5
411,616,0.113100146,1
411,507,0.106808994,2
411,127,0.092967427,3
411,513,0.089499787,4
411,595,0.071350394,5
412,2260,0.123676179,1
412,910,0.123439829,2
412,965,0.123219268,3
412,475,0.102902113,4
412,899,0.102746248,5
413,4160,0.207444471,1
413,4616,0.190752075,2
413,4428,0.171008353,3
413,3615,0.167142152,4
413,829,0.165357898,5
414,6311,0.008490994,1
414,958,0.00837043,2
414,921,0.008196455,3
414,3010,0.007336501,4
414,5736,0.00724659,5
415,829,0.176183466,1
415,899,0.124922036,2
415,1268,0.113583375,3
415,965,0.111424873,4
415,864,0.111336241,5
416,3142,0.147294475,1
416,1268,0.144983133,2
416,829,0.138307064,3
416,965,0.110436332,4
416,4936,0.106099625,5
417,4936,0.237004926,1
417,4160,0.202722137,2
417,6316,0.193221269,3
417,899,0.191399925,4
417,5918,0.18485796,5
418,4428,0.14456648,1
418,2079,0.140988486,2
418,829,0.140681735,3
418,4936,0.137786687,4
418,4616,0.136993046,5
419,1268,0.116543873,1
419,4616,0.11433072,2
419,4936,0.104489848,3
419,4160,0.100640588,4
419,225,0.099599489,5
420,1268,0.147510421,1
420,3615,0.107768758,2
420,5375,0.107277606,3
420,3874,0.107008729,4
420,3142,0.106628855,5
421,660,0.178543726,1
421,923,0.162489358,2
421,521,0.151782028,3
421,829,0.143416018,4
421,910,0.133933193,5
422,2079,0.080993813,1
422,899,0.079450195,2
422,521,0.078552143,3
422,829,0.077500844,4
422,901,0.075034129,5
423,225,0.212069796,1
423,2079,0.200275662,2
423,437,0.188065,3
423,616,0.185193202,4
423,44,0.17766576,5
424,1299,0.095357837,1
424,2260,0.088380681,2
424,4160,0.073015927,3
424,899,0.072662316,4
424,4428,0.071175574,5
425,2837,0.076120788,1
425,965,0.067676145,2
425,5851,0.06301876,3
425,4352,0.059632418,4
425,5918,0.052442471,5
426,4428,0.209437792,1
426,3615,0.164983478,2
426,3746,0.14811939,3
426,4616,0.14001858,4
426,6222,0.139878774,5
427,1268,0.093593208,1
427,3195,0.087884973,2
427,4616,0.084623397,3
427,4428,0.079895196,4
427,4160,0.079742377,5
428,2196,0.066685929,1
428,965,0.062268859,2
428,5851,0.060950161,3
428,3615,0.057732869,4
428,794,0.055782561,5
429,399,0.158629259,1
429,309,0.151347428,2
429,506,0.149962607,3
429,396,0.149722971,4
429,437,0.148895915,5
430,1268,0.163910507,1
430,1159,0.132405909,2
430,2196,0.130721284,3
430,1184,0.127870906,4
430,3820,0.126995695,5
431,2196,0.11132637,1
431,916,0.098453698,2
431,829,0.095236489,3
431,707,0.089604041,4
431,923,0.088304606,5
432,1268,0.105453418,1
432,5918,0.098196519,2
432,5375,0.092723065,3
432,1577,0.073316953,4
432,829,0.069409454,5
433,315,0.222119765,1
433,6316,0.210538274,2
433,3142,0.210098215,3
433,225,0.206042306,4
433,4801,0.201317234,5
434,1268,0.187856605,1
434,4428,0.166932287,2
434,5851,0.134377778,3
434,901,0.114403047,4
434,2260,0.094384743,5
435,1940,0.206342234,1
435,4801,0.204294579,2
435,3142,0.191964838,3
435,4138,0.183114696,4
435,3639,0.177322124,5
436,98,0.109282314,1
436,127,0.097584194,2
436,258,0.09305727,3
436,616,0.087168523,4
436,547,0.083818634,5
437,419,0.102907135,1
437,399,0.097620447,2
437,829,0.090124632,3
437,660,0.084356051,4
437,1,0.08299212,5
438,1577,0.064528322,1
438,3916,0.046146073,2
438,991,0.045472654,3
438,5336,0.043781862,4
438,2039,0.043606082,5
439,2079,0.308661759,1
439,225,0.307936802,2
439,899,0.280008191,3
439,3195,0.271609749,4
439,2675,0.271318285,5
440,829,0.127058838,1
440,903,0.106123556,2
440,3142,0.100527073,3
440,908,0.094331187,4
440,2249,0.090654523,5
441,3820,0.209912039,1
441,912,0.193124772,2
441,2837,0.187481272,3
441,991,0.18669631,4
441,315,0.185041983,5
442,2104,0.065953079,1
442,971,0.064255992,2
442,512,0.060965556,3
442,1772,0.060442576,4
442,2515,0.059629202,5
443,3142,0.21087168,1
443,1504,0.190408911,2
443,899,0.18979449,3
443,4428,0.183077453,4
443,44,0.183001676,5
444,399,0.240291766,1
444,335,0.190646719,2
444,509,0.186903098,3
444,32,0.182107397,4
444,124,0.182088938,5
445,3142,0.148660737,1
445,4616,0.147060917,2
445,829,0.134612625,3
445,1268,0.131674962,4
445,4428,0.130009763,5
446,98,0.193688115,1
446,157,0.108712886,2
446,1,0.105723949,3
446,135,0.097316447,4
446,225,0.091706226,5
447,547,0.152648884,1
447,44,0.145256958,2
447,616,0.133740827,3
447,177,0.12404672,4
447,157,0.118378453,5
448,3195,0.018787769,1
448,1299,0.016650365,2
448,1504,0.016401343,3
448,4640,0.014029073,4
448,900,0.013032699,5
449,829,0.225531892,1
449,1268,0.221248407,2
449,258,0.194198351,3
449,4616,0.189243249,4
449,4936,0.188210748,5
450,829,0.133978589,1
450,2039,0.125422357,2
450,2196,0.125276431,3
450,899,0.118384756,4
450,1577,0.108540653,5
451,225,0.166901155,1
451,419,0.148284351,2
451,258,0.130313268,3
451,508,0.12971529,4
451,335,0.128038089,5
452,2039,0.16867722,1
452,2249,0.157113487,2
452,2251,0.116428922,3
452,1268,0.113331975,4
452,3820,0.10867555,5
453,1577,0.106019896,1
453,2196,0.103982368,2
453,2039,0.080253626,3
453,991,0.079097485,4
453,970,0.074329183,5
454,2227,0.108233718,1
454,3142,0.099587924,2
454,521,0.090881322,3
454,4936,0.090590151,4
454,908,0.089006608,5
455,258,0.172774913,1
455,44,0.146251827,2
455,547,0.134276633,3
455,616,0.129884692,4
455,157,0.1259864,5
456,912,0.101294814,1
456,1577,0.094665131,2
456,1184,0.093066852,3
456,419,0.090007847,4
456,965,0.088318937,5
457,899,0.188670859,1
457,1184,0.179707506,2
457,1577,0.171763861,3
457,965,0.160434697,4
457,912,0.158068917,5
458,547,0.223842118,1
458,616,0.194698025,2
458,379,0.17717362,3
458,44,0.169316622,4
458,33,0.153930574,5
459,4801,0.314446697,1
459,4138,0.310140633,2
459,4428,0.305351147,3
459,3639,0.294731447,4
459,4616,0.278973006,5
460,4616,0.234983992,1
460,5918,0.229696879,2
460,4936,0.220195873,3
460,3820,0.202376612,4
460,1268,0.187424659,5
461,258,0.212063045,1
461,829,0.164532505,2
461,1268,0.156988989,3
461,3142,0.151882688,4
461,1504,0.148500551,5
462,2196,0.054904596,1
462,965,0.05114736,2
462,2039,0.043666069,3
462,991,0.040957967,4
462,3142,0.036108268,5
463,2675,0.137000619,1
463,3874,0.131497044,2
463,3639,0.127701301,3
463,225,0.123592682,4
463,1268,0.119858989,5
464,1159,0.129469659,1
464,829,0.128819129,2
464,3874,0.124588712,3
464,1268,0.121107491,4
464,991,0.11696846,5
465,660,0.117944588,1
465,225,0.105491751,2
465,923,0.097574344,3
465,965,0.096131228,4
465,915,0.095748754,5
466,5897,0.173448516,1
466,4352,0.168125285,2
466,6434,0.16651155,3
466,7213,0.149277629,4
466,5851,0.145383353,5
467,521,0.098603506,1
467,315,0.085474946,2
467,2079,0.083643667,3
467,258,0.076870913,4
467,225,0.07557378,5
468,399,0.220548982,1
468,419,0.219127433,2
468,315,0.211549369,3
468,326,0.185937065,4
468,437,0.180332682,5
469,1268,0.054382151,1
469,2227,0.044066563,2
469,1155,0.043235908,3
469,315,0.041275753,4
469,614,0.036594931,5
470,616,0.094575307,1
470,505,0.06462101,2
470,225,0.064562964,3
470,384,0.063951142,4
470,511,0.060005241,5
471,4801,0.248094052,1
471,3639,0.230624946,2
471,4138,0.225631492,3
471,3142,0.201183615,4
471,3195,0.19148373,5
472,2227,0.15974388,1
472,1940,0.156281239,2
472,225,0.14584635,3
472,4616,0.145185941,4
472,2675,0.144874807,5
473,4616,0.159670271,1
473,4936,0.129173685,2
473,5851,0.126622775,3
473,1268,0.124665334,4
473,3142,0.123577827,5
474,1159,0.024481147,1
474,5851,0.020986375,2
474,2249,0.017905739,3
474,2194,0.016547314,4
474,6434,0.013817898,5
475,3874,0.143093633,1
475,3615,0.132112803,2
475,4616,0.113073422,3
475,4160,0.109018507,4
475,4936,0.107257778,5
476,326,0.171681782,1
476,98,0.1681797,2
476,547,0.134141117,3
476,616,0.12549562,4
476,44,0.117214564,5
477,4936,0.064210356,1
477,2227,0.055049476,2
477,3615,0.054114442,3
477,2249,0.048688043,4
477,4160,0.046292654,5
478,3820,0.166707044,1
478,419,0.164592047,2
478,912,0.162464123,3
478,899,0.160304625,4
478,3874,0.158818827,5
479,2196,0.061870962,1
479,864,0.050823657,2
479,1629,0.049243359,3
479,2039,0.048804395,4
479,1577,0.044892928,5
480,3874,0.05971462,1
480,5270,0.029345534,2
480,707,0.028287139,3
480,2609,0.027291938,4
480,4230,0.025735424,5
481,1504,0.075231387,1
481,1577,0.065927982,2
481,2079,0.065638227,3
481,1184,0.063838659,4
481,916,0.063730869,5
482,1577,0.113038498,1
482,2837,0.103951164,2
482,3820,0.097491186,3
482,1184,0.097394267,4
482,991,0.090878892,5
483,2196,0.059183651,1
483,829,0.052591438,2
483,3833,0.038177342,3
483,3563,0.034920422,4
483,475,0.031208115,5
484,2196,0.068174533,1
484,4936,0.066701175,2
484,4609,0.06239899,3
484,4160,0.056126815,4
484,3615,0.055769064,5
485,419,0.377774988,1
485,335,0.349479792,2
485,437,0.316390177,3
485,508,0.309370813,4
485,258,0.309307705,5
486,326,0.237817928,1
486,437,0.193194048,2
486,225,0.17118461,3
486,509,0.159046001,4
486,323,0.156844157,5
487,3142,0.19805599,1
487,5918,0.192902673,2
487,3820,0.186624426,3
487,4361,0.179396047,4
487,4160,0.162485227,5
488,1268,0.128450647,1
488,3142,0.111763964,2
488,2227,0.110196797,3
488,3820,0.103005892,4
488,899,0.101976349,5
489,2196,0.053214187,1
489,225,0.04823605,2
489,899,0.047729902,3
489,912,0.04332287,4
489,4609,0.042652329,5
490,4616,0.163389969,1
490,3615,0.134255297,2
490,4160,0.133395812,3
490,4936,0.129157249,4
490,5375,0.127354947,5
491,3615,0.142494693,1
491,4609,0.134899581,2
491,6222,0.121685332,3
491,5375,0.118231474,4
491,4160,0.110706787,5
492,1184,0.044637752,1
492,1577,0.041412071,2
492,940,0.039866691,3
492,419,0.039379245,4
492,1159,0.038729068,5
493,1577,0.200624431,1
493,794,0.196476852,2
493,912,0.179542405,3
493,1184,0.175455111,4
493,2039,0.157423323,5
494,940,0.41332434,1
494,2079,0.366784025,2
494,970,0.365050091,3
494,1577,0.35298704,4
494,1184,0.341672943,5
495,5918,0.081484502,1
495,6434,0.077475826,2
495,5851,0.076124759,3
495,3874,0.067693805,4
495,5939,0.067676733,5
496,899,0.116090141,1
496,225,0.113393214,2
496,3142,0.11248722,3
496,1940,0.108296604,4
496,2227,0.106151573,5
497,829,0.152345657,1
497,258,0.144728806,2
497,3142,0.143055344,3
497,899,0.132805903,4
497,1268,0.132471781,5
498,437,0.284688827,1
498,335,0.264042316,2
498,616,0.255717332,3
498,326,0.237042168,4
498,139,0.227367609,5
499,910,0.082883409,1
499,2223,0.076859942,2
499,706,0.07530314,3
499,829,0.064918545,4
499,924,0.062366192,5
500,2196,0.13453172,1
500,1577,0.103090475,2
500,2079,0.100420947,3
500,1159,0.097025169,4
500,1268,0.091759992,5
501,547,0.10755362,1
501,399,0.087044945,2
501,419,0.080854988,3
501,98,0.080456351,4
501,335,0.076430455,5
502,1577,0.123283456,1
502,2251,0.120097234,2
502,2196,0.119934397,3
502,829,0.108925613,4
502,2260,0.108483487,5
503,1268,0.111805684,1
503,225,0.110500371,2
503,44,0.109591285,3
503,965,0.103351169,4
503,899,0.103019989,5
504,4616,0.080723319,1
504,4936,0.078110351,2
504,2227,0.077590029,3
504,3615,0.074552215,4
504,4428,0.072150895,5
505,4550,0.130479172,1
505,4526,0.115532204,2
505,6181,0.094208744,3
505,829,0.093354412,4
505,4120,0.091838625,5
506,7396,0.078264993,1
506,7307,0.077318289,2
506,4945,0.076927408,3
506,3288,0.068132849,4
506,6434,0.067954543,5
507,338,0.104754062,1
507,437,0.101686112,2
507,323,0.100553811,3
507,510,0.096733496,4
507,515,0.096578587,5
508,1577,0.104030778,1
508,912,0.100868198,2
508,2039,0.100835438,3
508,2251,0.096919986,4
508,2196,0.096371343,5
509,5918,0.049355572,1
509,4936,0.048328338,2
509,4609,0.047041882,3
509,3874,0.040435561,4
509,4160,0.039497937,5
510,829,0.126263407,1
510,225,0.113597543,2
510,1577,0.112979946,3
510,2039,0.105444842,4
510,2260,0.102553314,5
511,4138,0.13687281,1
511,6711,0.126391921,2
511,4428,0.115954616,3
511,3195,0.103359085,4
511,2079,0.102213296,5
512,510,0.224586115,1
512,616,0.214016302,2
512,547,0.194111304,3
512,127,0.149817541,4
512,198,0.148137597,5
513,315,0.181877151,1
513,899,0.172972713,2
513,521,0.172242042,3
513,829,0.15987611,4
513,2079,0.158241486,5
514,1184,0.058170126,1
514,1159,0.057074175,2
514,2194,0.052881161,3
514,1476,0.050336997,4
514,660,0.047805816,5
515,4801,0.332102682,1
515,3639,0.320523759,2
515,4138,0.304835129,3
515,1940,0.258662095,4
515,4428,0.253322042,5
516,899,0.135576432,1
516,912,0.12935157,2
516,1577,0.127480729,3
516,965,0.124102744,4
516,2196,0.122432638,5
517,3820,0.043072247,1
517,5375,0.040601222,2
517,3874,0.039797087,3
517,2196,0.038384724,4
517,2079,0.036080875,5
518,2837,0.119823744,1
518,1577,0.10575966,2
518,3916,0.1041059,3
518,3007,0.095509234,4
518,1159,0.095493123,5
519,4428,0.186293877,1
519,4616,0.176737749,2
519,6434,0.170119244,3
519,4361,0.15492467,4
519,3195,0.148617398,5
520,899,0.124509753,1
520,4428,0.120331782,2
520,912,0.114286467,3
520,2079,0.109919369,4
520,4936,0.097427439,5
521,1,0.06629436,1
521,225,0.065298033,2
521,44,0.048347603,3
521,258,0.04782618,4
521,912,0.047594012,5
522,4616,0.121352352,1
522,1268,0.113923576,2
522,2079,0.110648265,3
522,4936,0.108706503,4
522,1577,0.105731081,5
523,4616,0.170295615,1
523,5375,0.166136074,2
523,4936,0.160457366,3
523,3615,0.159328393,4
523,4361,0.158818703,5
524,258,0.120620535,1
524,315,0.116550321,2
524,1159,0.112430128,3
524,794,0.109609776,4
524,965,0.098223562,5
525,3820,0.090630254,1
525,3874,0.073732175,2
525,1577,0.071236554,3
525,4801,0.070744188,4
525,3639,0.068343857,5
526,1268,0.132778451,1
526,3142,0.115578214,2
526,829,0.103856112,3
526,1940,0.100180597,4
526,4936,0.097114363,5
527,2249,0.108856904,1
527,940,0.104377212,2
527,1184,0.088424991,3
527,965,0.088034511,4
527,2194,0.087271625,5
528,2227,0.159524687,1
528,4801,0.152468913,2
528,3639,0.141190171,3
528,4138,0.140485325,4
528,4428,0.137587384,5
529,419,0.159845383,1
529,912,0.137946923,2
529,508,0.134596112,3
529,315,0.125218792,4
529,98,0.125018768,5
530,98,0.283251778,1
530,323,0.238452351,2
530,508,0.236700016,3
530,258,0.235719312,4
530,326,0.222812942,5
531,912,0.233499077,1
531,899,0.225133519,2
531,970,0.196122007,3
531,940,0.19302408,4
531,794,0.189371426,5
532,225,0.247275105,1
532,829,0.244019922,2
532,899,0.231991637,3
532,2079,0.22701666,4
532,912,0.203060173,5
533,2079,0.134508494,1
533,899,0.131595933,2
533,829,0.115738957,3
533,3142,0.114519301,4
533,3195,0.108207607,5
534,4352,0.05479391,1
534,4160,0.048089627,2
534,2227,0.041768545,3
534,940,0.041468902,4
534,2196,0.038974258,5
535,2260,0.121688519,1
535,965,0.110598948,2
535,864,0.10323538,3
535,2196,0.101471758,4
535,2227,0.099850281,5
536,338,0.174773484,1
536,335,0.165894139,2
536,506,0.148781401,3
536,258,0.147596996,4
536,323,0.14345222,5
537,4616,0.182168392,1
537,5918,0.175421007,2
537,4936,0.166384565,3
537,2227,0.158704136,4
537,5375,0.152667748,5
538,3575,0.118863049,1
538,3195,0.098936936,2
538,484,0.091779678,3
538,5375,0.088658639,4
538,864,0.086027617,5
539,4160,0.171083468,1
539,3615,0.159967363,2
539,5918,0.152521312,3
539,4616,0.15148467,4
539,4138,0.146419345,5
540,4801,0.231796157,1
540,4138,0.220149151,2
540,2837,0.209106315,3
540,4616,0.191855768,4
540,3195,0.185720584,5
541,437,0.162464368,1
541,258,0.144958534,2
541,124,0.140750291,3
541,616,0.131617766,4
541,506,0.12466296,5
542,1268,0.19602647,1
542,3820,0.17991688,2
542,5851,0.143684353,3
542,4609,0.13857217,4
542,5918,0.137920378,5
543,4428,0.143529666,1
543,3195,0.141320624,2
543,1268,0.132683362,3
543,4616,0.128635832,4
543,3874,0.117590656,5
544,419,0.127690787,1
544,593,0.112228808,2
544,335,0.104175955,3
544,816,0.102931101,4
544,6,0.09901153,5
545,1172,0.072575191,1
545,1182,0.072190059,2
545,1577,0.065780334,3
545,899,0.062845461,4
545,1374,0.058917186,5
546,940,0.062172117,1
546,916,0.052864727,2
546,1577,0.052397706,3
546,1159,0.051304128,4
546,2194,0.050277266,5
547,924,0.140548286,1
547,829,0.137312239,2
547,910,0.135416116,3
547,864,0.135359841,4
547,521,0.134973884,5
548,4160,0.159697267,1
548,1268,0.148229957,2
548,3615,0.143238219,3
548,4138,0.14143036,4
548,4801,0.132165535,5
549,3639,0.317587554,1
549,4801,0.317534722,2
549,2675,0.300390147,3
549,315,0.272863854,4
549,660,0.27109227,5
550,7215,0.260960805,1
550,7213,0.256513794,2
550,7769,0.249355491,3
550,7956,0.239442876,4
550,8439,0.232894914,5
551,4428,0.140627703,1
551,5918,0.132593134,2
551,3615,0.130047363,3
551,2675,0.117153565,4
551,5375,0.114168997,5
552,1268,0.094932997,1
552,2196,0.093413648,2
552,829,0.081572466,3
552,225,0.080990023,4
552,3874,0.078110332,5
553,4936,0.156325758,1
553,4616,0.154651065,2
553,3142,0.132556583,3
553,44,0.126555456,4
553,1268,0.123341812,5
554,2196,0.122149473,1
554,965,0.111174105,2
554,2251,0.11002504,3
554,829,0.105210031,4
554,2039,0.095826409,5
555,2039,0.062369772,1
555,991,0.049920355,2
555,1268,0.039405406,3
555,864,0.037167548,4
555,660,0.036746882,5
556,6744,0.185833061,1
556,7040,0.159180637,2
556,5375,0.155078398,3
556,6222,0.153960569,4
556,4361,0.153507883,5
557,1159,0.289178855,1
557,315,0.27579957,2
557,508,0.274517909,3
557,419,0.27109004,4
557,1577,0.267769639,5
558,225,0.099724615,1
558,1268,0.088959714,2
558,2079,0.08702364,3
558,912,0.08298511,4
558,899,0.078729697,5
559,44,0.086147838,1
559,177,0.081292499,2
559,509,0.077555206,3
559,505,0.075420827,4
559,511,0.071587653,5
560,5375,0.077043973,1
560,2196,0.07233158,2
560,4361,0.065265767,3
560,965,0.064467126,4
560,3569,0.057893183,5
561,1159,0.072353485,1
561,3195,0.054656357,2
561,2251,0.050927447,3
561,3142,0.05038576,4
561,864,0.049052052,5
562,829,0.092662164,1
562,1577,0.090059965,2
562,4936,0.086156468,3
562,2039,0.084325534,4
562,225,0.082113771,5
563,1546,0.034475217,1
563,1064,0.029744757,2
563,2609,0.028236863,3
563,4645,0.027659149,4
563,3575,0.026985409,5
564,7586,0.05730817,1
564,6866,0.056697447,2
564,7307,0.053829509,3
564,7844,0.051553109,4
564,8166,0.050441417,5
565,419,0.264353053,1
565,98,0.261802938,2
565,437,0.214293141,3
565,508,0.209219318,4
565,547,0.201623701,5
566,508,0.168472058,1
566,44,0.163547693,2
566,384,0.147722061,3
566,511,0.123213328,4
566,157,0.122383525,5
567,8684,0.033823218,1
567,8692,0.033584206,2
567,7396,0.03152406,3
567,7215,0.030895073,4
567,4428,0.030894758,5
568,44,0.109322369,1
568,98,0.103084344,2
568,462,0.10128566,3
568,225,0.097997588,4
568,399,0.097851893,5
569,399,0.266660729,1
569,98,0.253013301,2
569,326,0.243928835,3
569,437,0.236117843,4
569,547,0.227406707,5
570,419,0.185252704,1
570,2196,0.167363263,2
570,829,0.165332949,3
570,258,0.159522515,4
570,511,0.124371818,5
571,1473,0.044471718,1
571,2196,0.040827525,2
571,2251,0.037122047,3
571,2104,0.036481504,4
571,702,0.036166393,5
572,2196,0.119041925,1
572,829,0.107954024,2
572,475,0.096510098,3
572,1577,0.094875431,4
572,970,0.094474162,5
573,1268,0.133279821,1
573,4936,0.124507374,2
573,3615,0.110866051,3
573,965,0.108905798,4
573,2039,0.10405669,5
574,399,0.338371277,1
574,419,0.333429155,2
574,315,0.327721972,3
574,437,0.277129614,4
574,335,0.26961169,5
575,829,0.064196871,1
575,2015,0.054356941,2
575,2146,0.054341263,3
575,2196,0.053940738,4
575,965,0.050666195,5
576,1445,0.062073943,1
576,1061,0.057071319,2
576,1075,0.054728958,3
576,985,0.052659407,4
576,2799,0.052388451,5
577,829,0.107582304,1
577,2196,0.106459176,2
577,965,0.105584088,3
577,2039,0.104762991,4
577,508,0.095200111,5
578,7044,0.064343567,1
578,7396,0.056444455,2
578,6353,0.055770415,3
578,7040,0.053799651,4
578,7373,0.053227336,5
579,794,0.117363953,1
579,507,0.116162463,2
579,1980,0.114544254,3
579,1159,0.113968732,4
579,1577,0.112802962,5
580,4160,0.074295556,1
580,965,0.073733014,2
580,5336,0.065261862,3
580,2260,0.062174161,4
580,3569,0.055574867,5
581,5375,0.271173491,1
581,4428,0.268808402,2
581,3615,0.267995976,3
581,1268,0.25193374,4
581,4616,0.249788788,5
582,7213,0.215622573,1
582,8476,0.20534785,2
582,7215,0.202155284,3
582,8682,0.199294084,4
582,4801,0.191765107,5
583,2609,0.085524145,1
583,3575,0.082111525,2
583,5939,0.077621147,3
583,3288,0.07705633,4
583,515,0.076963127,5
584,616,0.19034617,1
584,547,0.186065228,2
584,2,0.165448005,3
584,377,0.122227417,4
584,11,0.113426364,5
585,4616,0.170726941,1
585,4936,0.159195401,2
585,44,0.140818413,3
585,923,0.129017868,4
585,3142,0.127171574,5
586,3820,0.095277277,1
586,3195,0.08825747,2
586,1577,0.087126063,3
586,5375,0.086197495,4
586,1159,0.086114593,5
587,1577,0.088368974,1
587,419,0.071955751,2
587,225,0.069891223,3
587,1446,0.06687127,4
587,965,0.065790205,5
588,616,0.162487114,1
588,335,0.161093677,2
588,437,0.143097582,3
588,547,0.142604747,4
588,225,0.119476451,5
589,399,0.228209218,1
589,419,0.219773297,2
589,98,0.209706345,3
589,437,0.203084441,4
589,44,0.19079996,5
590,1268,0.067839714,1
590,2260,0.043480868,2
590,1446,0.042810327,3
590,3569,0.036660267,4
590,924,0.029330023,5
591,899,0.146209803,1
591,1184,0.141222839,2
591,3820,0.132731005,3
591,1577,0.13153067,4
591,3195,0.128539516,5
592,44,0.158492618,1
592,1,0.11272886,2
592,33,0.102082519,3
592,1159,0.101223426,4
592,254,0.098811505,5
593,1268,0.14698292,1
593,2079,0.134028649,2
593,3142,0.1339741,3
593,3820,0.125982415,4
593,258,0.120676864,5
594,315,0.091245047,1
594,1577,0.090523806,2
594,225,0.079261622,3
594,965,0.073900862,4
594,437,0.073052793,5
595,2039,0.126660764,1
595,899,0.12614297,2
595,965,0.124489051,3
595,2196,0.104097939,4
595,991,0.101108903,5
596,1268,0.067273732,1
596,1577,0.054680402,2
596,6434,0.051569348,3
596,6222,0.050506594,4
596,1184,0.047341483,5
597,2260,0.069906761,1
597,521,0.062787527,2
597,1940,0.056894585,3
597,915,0.056748979,4
597,258,0.056660049,5
598,4428,0.216859806,1
598,5375,0.212852904,2
598,4616,0.195771938,3
598,4936,0.192738366,4
598,5918,0.19259561,5
599,4609,0.013103357,1
599,4361,0.010455866,2
599,3217,0.009660817,3
599,6077,0.009656839,4
599,5266,0.009534282,5
600,1159,0.046809804,1
600,829,0.043863062,2
600,1446,0.039479289,3
600,4428,0.038025651,4
600,1184,0.037789191,5
601,4428,0.179982994,1
601,4616,0.175800505,2
601,6711,0.173487792,3
601,4936,0.157252807,4
601,1268,0.147460021,5
602,507,0.101564444,1
602,1,0.083868274,2
602,513,0.079626573,3
602,595,0.07137965,4
602,794,0.06764062,5
603,864,0.033452279,1
603,1446,0.030789483,2
603,1159,0.026891528,3
603,44,0.020800432,4
603,47,0.020702868,5
604,399,0.128016567,1
604,419,0.127211888,2
604,437,0.117718533,3
604,315,0.102896669,4
604,335,0.097080772,5
605,3820,0.062851387,1
605,1577,0.05947618,2
605,2837,0.053310166,3
605,1159,0.053167472,4
605,991,0.052332191,5
606,2196,0.036071648,1
606,965,0.033372121,2
606,2837,0.02907791,3
606,5918,0.027789329,4
606,521,0.026444064,5
607,2194,0.101293821,1
607,903,0.093558572,2
607,901,0.0907084,3
607,1268,0.087778445,4
607,2251,0.085925889,5
608,5918,0.041860654,1
608,5897,0.038345549,2
608,901,0.033777382,3
608,6222,0.030776252,4
608,2287,0.02897036,5
609,44,0.097897443,1
609,437,0.088480692,2
609,616,0.086817746,3
609,47,0.082930378,4
609,462,0.08094357,5
610,1577,0.030569036,1
610,7647,0.023472902,2
610,1184,0.02329845,3
610,2260,0.021415228,4
610,5937,0.01952299,5